page	ref	file	w	h	dw	dh
junctions	gw1.png	junctions/gw1.webp	480	420	240	210
junctions	gw2-2.png	junctions/gw2-2.webp	730	530	365	265
junctions	stop-3.png	junctions/stop-3.webp	480	420	240	210
traffic-lights	redamber.png	traffic-lights/redamber.webp	110	210	55	105
traffic-lights	rightfilter.jpg	traffic-lights/rightfilter.webp	174	210	87	105
traffic-lights	amber.png	traffic-lights/amber.webp	110	210	55	105
traffic-lights/crossroads	nearside.png	traffic-lights/crossroads/nearside.webp	376	383	188	192
traffic-lights/crossroads	offside-2.png	traffic-lights/crossroads/offside-2.webp	376	383	188	192
pedestrian-crossings/other-crossings	toucan-2.jpg	pedestrian-crossings/other-crossings/toucan-2.webp	225	450	112	225
pedestrian-crossings/pelican-crossings	pelican.jpg	pedestrian-crossings/pelican-crossings/pelican.webp	940	740	470	370
pedestrian-crossings/puffin-crossings	puffinbutton-2.png	pedestrian-crossings/puffin-crossings/puffinbutton-2.webp	280	440	140	220
pedestrian-crossings/zebra-crossings	zebra-2.jpg	pedestrian-crossings/zebra-crossings/zebra-2.webp	700	1080	350	540
position/bends	left-bend-2.png	position/bends/left-bend-2.webp	540	696	270	348
position/bends	right-bend.png	position/bends/right-bend.webp	540	696	270	348
position/lanes	lanes-2.png	position/lanes/lanes-2.webp	474	1434	237	717
position/moving-off-and-stopping	moveoff.png	position/moving-off-and-stopping/moveoff.webp	1200	900	600	450
position/obstacles	obstacles.png	position/obstacles/obstacles.webp	270	420	135	210
position/space-and-speed	spacespeed.png	position/space-and-speed/spacespeed.webp	270	420	135	210
junctions/crossroads	gwcross1.png	junctions/crossroads/gwcross1.webp	540	390	270	195
junctions/crossroads	gwcross2.png	junctions/crossroads/gwcross2.webp	540	390	270	195
junctions/emerging	gwemerge1.png	junctions/emerging/gwemerge1.webp	470	420	235	210
junctions/emerging	gwemerge2.png	junctions/emerging/gwemerge2.webp	410	410	205	205
junctions/turning-left	gwleft1.png	junctions/turning-left/gwleft1.webp	500	440	250	220
junctions/turning-left	gwleft2-2.png	junctions/turning-left/gwleft2-2.webp	500	360	250	180
junctions/turning-right	gwright1.png	junctions/turning-right/gwright1.webp	380	440	190	220
junctions/turning-right	gwright2-2.png	junctions/turning-right/gwright2-2.webp	380	290	190	145
stopping/controlled-stop	graph.png	stopping/controlled-stop/graph.webp	1024	641	512	320
stopping/following-distance	distance-2.png	stopping/following-distance/distance-2.webp	540	1300	270	650
stopping/planning	fromabove.png	stopping/planning/fromabove.webp	400	480	200	240
stopping/planning	feetbehindvan-2.png	stopping/planning/feetbehindvan-2.webp	340	260	170	130
dual-carriageways/overtaking	pullingin.png	dual-carriageways/overtaking/pullingin.webp	550	870	275	435
dual-carriageways/right-turn	rightslip-3.png	dual-carriageways/right-turn/rightslip-3.webp	670	930	335	465
dual-carriageways/slip-road-off	exiting-2.png	dual-carriageways/slip-road-off/exiting-2.webp	520	1840	260	920
dual-carriageways/slip-road-on	joining-2.png	dual-carriageways/slip-road-on/joining-2.webp	760	1240	380	620
manoeuvres/bay-park	bp1.png	manoeuvres/bay-park/bp1.webp	520	385	260	192
manoeuvres/bay-park	bp3.png	manoeuvres/bay-park/bp3.webp	300	300	150	150
manoeuvres/bay-park	bp4.png	manoeuvres/bay-park/bp4.webp	360	414	180	207
manoeuvres/parallel-park	pp1.png	manoeuvres/parallel-park/pp1.webp	440	365	220	182
manoeuvres/parallel-park	pp2.png	manoeuvres/parallel-park/pp2.webp	399	300	200	150
manoeuvres/parallel-park	pp3-2.png	manoeuvres/parallel-park/pp3-2.webp	399	300	200	150
manoeuvres/pull-up-on-the-right	puor1-2.png	manoeuvres/pull-up-on-the-right/puor1-2.webp	400	980	200	490
manoeuvres/reverse-left	rl1.png	manoeuvres/reverse-left/rl1.webp	400	400	200	200
manoeuvres/reverse-left	rl2.png	manoeuvres/reverse-left/rl2.webp	290	340	145	170
manoeuvres/reverse-left	rl3.png	manoeuvres/reverse-left/rl3.webp	400	340	200	170
manoeuvres/reverse-right	rr1.png	manoeuvres/reverse-right/rr1.webp	400	560	200	280
manoeuvres/reverse-right	rr2.png	manoeuvres/reverse-right/rr2.webp	270	360	135	180
manoeuvres/turn-in-the-road	tinr1-3.png	manoeuvres/turn-in-the-road/tinr1-3.webp	420	450	210	225
manoeuvres/turn-in-the-road	tinr2.png	manoeuvres/turn-in-the-road/tinr2.webp	420	450	210	225
manoeuvres/turn-in-the-road	tinr3.png	manoeuvres/turn-in-the-road/tinr3.webp	420	450	210	225
roundabouts/large-roundabouts	largert.png	roundabouts/large-roundabouts/largert.webp	1300	1860	650	930
roundabouts/medium-roundabouts	mediumrt.png	roundabouts/medium-roundabouts/mediumrt.webp	1300	1700	650	850
roundabouts/mini-roundabouts	minirt.png	roundabouts/mini-roundabouts/minirt.webp	1100	1320	550	660
roundabouts/small-roundabouts	smallrt.png	roundabouts/small-roundabouts/smallrt.webp	1300	1400	650	700
controls/clutch	clutch.png	controls/clutch/clutch.webp	1150	494	575	247
controls/cockpit-drill	steering.png	controls/cockpit-drill/steering.webp	400	580	200	290
controls/cockpit-drill	mirrors.png	controls/cockpit-drill/mirrors.webp	1300	901	650	450
controls/gears	gears.png	controls/gears/gears.webp	400	474	200	237
controls/gears	controlsautosmall.png	controls/gears/controlsautosmall.webp	300	600	150	300
controls/pedals	pedals.png	controls/pedals/pedals.webp	1300	752	650	376
controls/signals	signals-2.png	controls/signals/signals-2.webp	672	1400	336	700
controls/steering	steering.png	controls/steering/steering.webp	1190	1050	595	525
controls/zones-of-vision	blindspots.png	controls/zones-of-vision/blindspots.webp	480	660	240	330
