page	ref	src	src2x	ambiguous
junctions	gw1.png	Website Learn To Drive/Images/Give Way Junctions/Give Way/GW1.png	Website Learn To Drive/Images/Give Way Junctions/Give Way/GW1@2x.png	
junctions	gw2-2.png	Website Learn To Drive/Images/Give Way Junctions/Give Way/GW2.png	Website Learn To Drive/Images/Give Way Junctions/Give Way/GW2@2x.png	
junctions	stop-3.png	Website Learn To Drive/Images/Stop Junctions/Stop.png	Website Learn To Drive/Images/Stop Junctions/Stop@2x.png	
traffic-lights	redamber.png	Website Learn To Drive/Images/Traffic Lights/RedAmber.png	Website Learn To Drive/Images/Traffic Lights/RedAmber@2x.png	
traffic-lights	rightfilter.jpg	Website Learn To Drive/Images/Traffic Lights/RightFilter.jpg	Website Learn To Drive/Images/Traffic Lights/RightFilter@2x.jpg	
traffic-lights	amber.png	Website Learn To Drive/Images/Traffic Lights/Amber.png	Website Learn To Drive/Images/Traffic Lights/Amber@2x.png	
traffic-lights/crossroads	nearside.png	Website Learn To Drive/Images/Traffic Lights/Crossroads/Nearside/Nearside.png	Website Learn To Drive/Images/Traffic Lights/Crossroads/Nearside/Nearside@2x.png	
traffic-lights/crossroads	offside-2.png	Website Learn To Drive/Images/Traffic Lights/Crossroads/Offside/Offside.png	Website Learn To Drive/Images/Traffic Lights/Crossroads/Offside/Offside@2x.png	
pedestrian-crossings/other-crossings	toucan-2.jpg	Website Learn To Drive/Images/Crossings/Other/Toucan.jpg	Website Learn To Drive/Images/Crossings/Other/Toucan@2x.jpg	
pedestrian-crossings/pelican-crossings	pelican.jpg	Website Learn To Drive/Images/Crossings/Pelican/Pelican.jpg	Website Learn To Drive/Images/Crossings/Pelican/Pelican@2x.jpg	
pedestrian-crossings/puffin-crossings	puffinbutton-2.png	Website Learn To Drive/Images/Crossings/Puffin/PuffinButton.png	Website Learn To Drive/Images/Crossings/Puffin/PuffinButton@2x.png	
pedestrian-crossings/zebra-crossings	zebra-2.jpg	Website Learn To Drive/Images/Crossings/Zebra/Zebra.jpg	Website Learn To Drive/Images/Crossings/Zebra/Zebra@2x.jpg	
position/bends	left-bend-2.png	Website Learn To Drive/Images/Position/Bends/Left Bend.png	Website Learn To Drive/Images/Position/Bends/Left Bend@2x.png	
position/bends	right-bend.png	Website Learn To Drive/Images/Position/Bends/Right Bend.png	Website Learn To Drive/Images/Position/Bends/Right Bend@2x.png	
position/lanes	lanes-2.png	Website Learn To Drive/Images/Position/Lanes/Lanes.png	Website Learn To Drive/Images/Position/Lanes/Lanes@2x.png	
position/moving-off-and-stopping	moveoff.png	Website Learn To Drive/Images/Position/Move Off And Stop/MoveOff.png	Website Learn To Drive/Images/Position/Move Off And Stop/MoveOff@2x.png	
position/obstacles	obstacles.png	Website Learn To Drive/Images/Position/Obstacles/Obstacles.png	Website Learn To Drive/Images/Position/Obstacles/Obstacles@2x.png	
position/space-and-speed	spacespeed.png	Website Learn To Drive/Images/Position/Space And Speed/SpaceSpeed.png	Website Learn To Drive/Images/Position/Space And Speed/SpaceSpeed@2x.png	
junctions/crossroads	gwcross1.png	Website Learn To Drive/Images/Give Way Junctions/Crossroads/GWCross1.png	Website Learn To Drive/Images/Give Way Junctions/Crossroads/GWCross1@2x.png	
junctions/crossroads	gwcross2.png	Website Learn To Drive/Images/Give Way Junctions/Crossroads/GWCross2.png	Website Learn To Drive/Images/Give Way Junctions/Crossroads/GWCross2@2x.png	
junctions/emerging	gwemerge1.png	Website Learn To Drive/Images/Give Way Junctions/Emerge/GWEmerge1.png	Website Learn To Drive/Images/Give Way Junctions/Emerge/GWEmerge1@2x.png	
junctions/emerging	gwemerge2.png	Website Learn To Drive/Images/Give Way Junctions/Emerge/GWEmerge2.png	Website Learn To Drive/Images/Give Way Junctions/Emerge/GWEmerge2@2x.png	
junctions/turning-left	gwleft1.png	Website Learn To Drive/Images/Give Way Junctions/Turn Left/GWLeft1.png	Website Learn To Drive/Images/Give Way Junctions/Turn Left/GWLeft1@2x.png	
junctions/turning-left	gwleft2-2.png	Website Learn To Drive/Images/Give Way Junctions/Turn Left/GWLeft2.png	Website Learn To Drive/Images/Give Way Junctions/Turn Left/GWLeft2@2x.png	
junctions/turning-right	gwright1.png	Website Learn To Drive/Images/Give Way Junctions/Turn Right/GWRight1.png	Website Learn To Drive/Images/Give Way Junctions/Turn Right/GWRight1@2x.png	
junctions/turning-right	gwright2-2.png	Website Learn To Drive/Images/Give Way Junctions/Turn Right/GWRight2.png	Website Learn To Drive/Images/Give Way Junctions/Turn Right/GWRight2@2x.png	
stopping/controlled-stop	graph.png	Website Learn To Drive/Images/Emergency Stop/Info/Graph.png	Website Learn To Drive/Images/Emergency Stop/Info/Graph@2x.png	
stopping/following-distance	distance-2.png	Website Learn To Drive/Images/Emergency Stop/Distance/Distance.png	Website Learn To Drive/Images/Emergency Stop/Distance/Distance@2x.png	
stopping/planning	fromabove.png	Website Learn To Drive/Images/Emergency Stop/Planning/FromAbove.png	Website Learn To Drive/Images/Emergency Stop/Planning/FromAbove@2x.png	
stopping/planning	feetbehindvan-2.png	Website Learn To Drive/Images/Emergency Stop/Planning/FeetBehindVan.png	Website Learn To Drive/Images/Emergency Stop/Planning/FeetBehindVan@2x.png	
dual-carriageways/overtaking	pullingin.png	Website Learn To Drive/Images/Dual Carriageways/Overtaking/PullingIn.png	Website Learn To Drive/Images/Dual Carriageways/Overtaking/PullingIn@2x.png	
dual-carriageways/right-turn	rightslip-3.png	Website Learn To Drive/Images/Dual Carriageways/Right Turn/RightSlip.png	Website Learn To Drive/Images/Dual Carriageways/Right Turn/RightSlip@2x.png	
dual-carriageways/slip-road-off	exiting-2.png	Website Learn To Drive/Images/Dual Carriageways/Slip Road Off/Exiting.png	Website Learn To Drive/Images/Dual Carriageways/Slip Road Off/Exiting@2x.png	
dual-carriageways/slip-road-on	joining-2.png	Website Learn To Drive/Images/Dual Carriageways/Slip Road On/Joining.png	Website Learn To Drive/Images/Dual Carriageways/Slip Road On/Joining@2x.png	
manoeuvres/bay-park	bp1.png	Website Learn To Drive/Images/Manoeuvres/Bay Park/BP1.png	Website Learn To Drive/Images/Manoeuvres/Bay Park/BP1@2x.png	
manoeuvres/bay-park	bp3.png	Website Learn To Drive/Images/Manoeuvres/Bay Park/BP3.png	Website Learn To Drive/Images/Manoeuvres/Bay Park/BP3@2x.png	
manoeuvres/bay-park	bp4.png	Website Learn To Drive/Images/Manoeuvres/Bay Park/BP4.png	Website Learn To Drive/Images/Manoeuvres/Bay Park/BP4@2x.png	
manoeuvres/parallel-park	pp1.png	Website Learn To Drive/Images/Manoeuvres/Parallel Park/PP1.png	Website Learn To Drive/Images/Manoeuvres/Parallel Park/PP1@2x.png	
manoeuvres/parallel-park	pp2.png	Website Learn To Drive/Images/Manoeuvres/Parallel Park/PP2.png	Website Learn To Drive/Images/Manoeuvres/Parallel Park/PP2@2x.png	
manoeuvres/parallel-park	pp3-2.png	Website Learn To Drive/Images/Manoeuvres/Parallel Park/PP3.png	Website Learn To Drive/Images/Manoeuvres/Parallel Park/PP3@2x.png	
manoeuvres/pull-up-on-the-right	puor1-2.png	Website Learn To Drive/Images/Manoeuvres/Pull Up On Right/PUoR1.png	Website Learn To Drive/Images/Manoeuvres/Pull Up On Right/PUoR1@2x.png	
manoeuvres/reverse-left	rl1.png	Website Learn To Drive/Images/Manoeuvres/Reverse Left/RL1.png	Website Learn To Drive/Images/Manoeuvres/Reverse Left/RL1@2x.png	
manoeuvres/reverse-left	rl2.png	Website Learn To Drive/Images/Manoeuvres/Reverse Left/RL2.png	Website Learn To Drive/Images/Manoeuvres/Reverse Left/RL2@2x.png	
manoeuvres/reverse-left	rl3.png	Website Learn To Drive/Images/Manoeuvres/Reverse Left/RL3.png	Website Learn To Drive/Images/Manoeuvres/Reverse Left/RL3@2x.png	
manoeuvres/reverse-right	rr1.png	Website Learn To Drive/Images/Manoeuvres/Reverse Right/RR1.png	Website Learn To Drive/Images/Manoeuvres/Reverse Right/RR1@2x.png	
manoeuvres/reverse-right	rr2.png	Website Learn To Drive/Images/Manoeuvres/Reverse Right/RR2.png	Website Learn To Drive/Images/Manoeuvres/Reverse Right/RR2@2x.png	
manoeuvres/turn-in-the-road	tinr1-3.png	Website Learn To Drive/Images/Manoeuvres/Turn in the Road/TinR1.png	Website Learn To Drive/Images/Manoeuvres/Turn in the Road/TinR1@2x.png	
manoeuvres/turn-in-the-road	tinr2.png	Website Learn To Drive/Images/Manoeuvres/Turn in the Road/TinR2.png	Website Learn To Drive/Images/Manoeuvres/Turn in the Road/TinR2@2x.png	
manoeuvres/turn-in-the-road	tinr3.png	Website Learn To Drive/Images/Manoeuvres/Turn in the Road/TinR3.png	Website Learn To Drive/Images/Manoeuvres/Turn in the Road/TinR3@2x.png	
roundabouts/large-roundabouts	largert.png	Website Learn To Drive/Images/Roundabouts/Large/LargeRt.png	Website Learn To Drive/Images/Roundabouts/Large/LargeRt@2x.png	
roundabouts/medium-roundabouts	mediumrt.png	Website Learn To Drive/Images/Roundabouts/Medium/MediumRt.png	Website Learn To Drive/Images/Roundabouts/Medium/MediumRt@2x.png	
roundabouts/mini-roundabouts	minirt.png	Website Learn To Drive/Images/Roundabouts/Mini/MiniRt.png	Website Learn To Drive/Images/Roundabouts/Mini/MiniRt@2x.png	
roundabouts/small-roundabouts	smallrt.png	Website Learn To Drive/Images/Roundabouts/Small/SmallRt.png	Website Learn To Drive/Images/Roundabouts/Small/SmallRt@2x.png	
controls/clutch	clutch.png	Website Learn To Drive/Images/Controls/Clutch/Clutch.png	Website Learn To Drive/Images/Controls/Clutch/Clutch@2x.png	
controls/cockpit-drill	steering.png	Website Learn To Drive/Images/Controls/DSSSM/Steering.png	Website Learn To Drive/Images/Controls/DSSSM/Steering@2x.png	override
controls/cockpit-drill	mirrors.png	Website Learn To Drive/Images/Controls/DSSSM/Mirrors.png	Website Learn To Drive/Images/Controls/DSSSM/Mirrors@2x.png	
controls/gears	gears.png	Website Learn To Drive/Images/Controls/Gears/Gears.png	Website Learn To Drive/Images/Controls/Gears/Gears@2x.png	
controls/gears	controlsautosmall.png	Website Learn To Drive/Images/Controls/Gears/ControlsAuto.png	Website Learn To Drive/Images/Controls/Gears/ControlsAuto@2x.png	
controls/pedals	pedals.png	Website Learn To Drive/Images/Controls/Pedals/Pedals.png	Website Learn To Drive/Images/Controls/Pedals/Pedals@2x.png	
controls/signals	signals-2.png	Website Learn To Drive/Images/Controls/Signals/Signals.png	Website Learn To Drive/Images/Controls/Signals/Signals@2x.png	
controls/steering	steering.png	Website Learn To Drive/Images/Controls/Steering/Steering.png	Website Learn To Drive/Images/Controls/Steering/Steering@2x.png	yes
controls/zones-of-vision	blindspots.png	Website Learn To Drive/Images/Controls/Vision/Blindspots.png	Website Learn To Drive/Images/Controls/Vision/Blindspots@2x.png	
